{
  "total_comparisons": 2020,
  "true_positives": 432,
  "true_negatives": 847,
  "false_positives": 170,
  "false_negatives": 571,
  "accuracy": 0.6331683168316832,
  "precision": 0.717607973421927,
  "recall": 0.4307078763708873,
  "f1_score": 0.5383177570093458,
  "specificity": 0.8328416912487709
}